address,riscore_metrics.calc_project_name,riscore_metrics.code_repo,riscore_metrics.creation_info.creator_address,riscore_metrics.finance_stats.total_tvl
0x59E9261255644c411AfDd00bD89162d09D862e38,ETHA,https://github.com/ethalend,0x1De9184f070627A33eab44E329c699B3068c073D,100741.41467285944
0x5a75A093747b72a0e14056352751eDF03518031d,(Proxy contract) EmiSwap - EmiDao Token,https://github.com/EMISWAP-COM/,0x63c14af322C9Cd4C915454c0E7fF5Ba98a23Be4f,296493.08745662775
0x1E4EDE388cbc9F4b5c79681B7f94d36a11ABEBC9,X2Y2Token,null,0xDC43b25f3AbF65825E52b73441E47F2Ce0F9c47D,2882006.029552837
0xfe9A29aB92522D14Fc65880d817214261D8479AE,SnowSwap,null,0x0822d138AaE127789eA42Abae034D39f7dcD5DC1,478983.3536225364
0x3E5D9D8a63CC8a88748f229999CF59487e90721e,MetalSwap,null,0xFDf6Fa86058D1Eacb441aDB5aCfC143672E59A58,439275.9469842046
0x33349B282065b0284d756F0577FB39c158F935e6,Maple Token,null,0xB54a98c242ABc8582153b5e6B2B8c83Cc6c1C8c4,21328572.273224358
0x95a4492F028aa1fd432Ea71146b433E7B4446611,(Proxy contract) APY Governance Token,null,0x7E9b0669018a70D6EfCCA2b11850A704DB0E5b04,947420.1927450259
0xA36FDBBAE3c9d55a1d67EE5821d53B50B63A1aB9,Tempus,https://github.com/tempus-finance,0x603d50BAd151Da8becf405E51a8c4Abc8bA1c95E,1196640.269431372
0xC0d4Ceb216B3BA9C3701B291766fDCbA977ceC3A,BTRFLY,null,0xe7Ad7d90639A565FE3A6F68A41AD0B095f631F39,21654463.809002407
0x0615Dbba33Fe61a31c7eD131BDA6655Ed76748B1,Wrapped Ether,null,0xfA9dA51631268A30Ec3DDd1CcBf46c65FAD99251,0
0xB4d930279552397bbA2ee473229f89Ec245bc365,MahaDAO,http://github.com/mahadao,0x30Edf900a0a6A47cD3057Ec37a163B72773FFf9E,342405.1537006302
0xC52C326331E9Ce41F04484d3B5E5648158028804,(Proxy contract) ZEN Exchange Token,https://github.com/unizen-io,0xeE4a9Ab62C66C7a96e5E30717A8A91FcC2E52D42,0
0xF0939011a9bb95c3B791f0cb546377Ed2693a574,Zero.Exchange Token,null,0x8916d0e29375C03f2b4dAa71338FD8407dB57ae2,85982.36556739474
0xf4CD3d3Fda8d7Fd6C5a500203e38640A70Bf9577,YfDAI.finance,null,0xf29b6cfD7019df58267fBcBa3c0915F66bACa08e,20526.14152612667
0x0eDF9bc41Bbc1354c70e2107F80C42caE7FBBcA8,Instrumental Finance,https://github.com/instrumental-finance,0x6773D381D3A505a0ccD34dc223341C5938d1d903,0
0x0eC9F76202a7061eB9b3a7D6B59D36215A7e37da,BlackPool Token,null,0x66D3864D020be6bDA91309E16a2De7B192E6A6AC,0
0x40803cEA2b2A32BdA1bE61d3604af6a814E70976,Spool DAO Token,null,0xB63805360018c6bf51E18D89ABA907709ADeebc9,17598494.477895763
0xBCe0Cf87F513102F22232436CCa2ca49e815C3aC,Pirex CVX,null,0xe49efDb44Ab67f8377e59ae9027b0bF4ecA9a091,5998304.252897754
0xA5B947687163FE88C3e6af5b17Ae69896F4abccf,Poseidon - H2O Governance Token,https://github.com/h2odata,0x78E869870e425a4d78bc18c46Be9A6B9b8417cb5,246321.36512844422
0x7f3141c4D6b047fb930991b450f1eD996a51CB26,X,null,0x69633cbDb25be419E491fF718836c72b78A66369,0
0x8a14897eA5F668f36671678593fAe44Ae23B39FB,Cerberus,null,0xdB00139222c99e9098DEf2ceBCD94bDCDa8E7625,5280.000193904191
0x900dB999074d9277c5DA2A43F252D74366230DA0,Giveth,https://github.com/Giveth/giv-token-contracts,0x34d27210cC319EC5281bDc4DC2ad8FbcF4EAEAEB,0
0xD0Cd466b34A24fcB2f87676278AF2005Ca8A78c4,Popcorn,https://github.com/popcorndao/,0x909d05F384D0663eD4BE59863815aB43b4f347Ec,613770.3297237284
0x4e38D89362f7e5db0096CE44ebD021c3962aA9a0,Ubiquity,null,0xefC0e701A824943b469a694aC564Aa1efF7Ab7dd,69072.48826403447
0x3212b29E33587A00FB1C83346f5dBFA69A458923,The Tokenized Bitcoin,null,0xe9e722B0F4542A850f95ffCCc634C8720D1e0D76,20969787.308190063
0xc00e94Cb662C3520282E6f5717214004A7f26888,Compound (COMP),https://github.com/compound-finance/compound-protocol,0x1449e0687810BdDD356ae6Dd87789244A46d9AdB,1413648677.4876137
0x9c354503C38481a7A7a51629142963F98eCC12D0,(Proxy contract) Origin Dollar Governance,https://github.com/OriginProtocol/origin-dollar,0x71F78361537A6f7B6818e7A760c8bC0146D93f50,51161849.50322631
0x69fa0feE221AD11012BAb0FdB45d444D3D2Ce71c,XRUNE Token,https://github.com/Thorstarter/thorstarter-contracts,0xce0042B868300000d44A59004Da54A005ffdcf9f,140888.35827109855
0x4D953cf077c0C95Ba090226E59A18FcF97db44EC,MINISWAP,https://github.com/MiniswapOrg,0x36dF7E6bA44bB837E73ab2104d619E068A86Bcb9,78790.22801361029
0x67C5870b4A41D4Ebef24d2456547A03F1f3e094B,GoodDollar,null,0x02E147Ecf933c1FFd163e43B052133445fD88d64,1756057.405144762
0xeF9Cd7882c067686691B6fF49e650b43AFBBCC6B,FinNexus,null,0x961918dcC6F1F78f93E357182614C791041f401E,233592.19625812117
0x07150e919B4De5fD6a63DE1F9384828396f25fDC,(Proxy contract) Base Protocol,https://github.com/Base-Protocol,0x471aEa3d5A2c588A51E74132752C7b15c185DB79,0
0x07baC35846e5eD502aA91AdF6A9e7aA210F2DcbE,erowan,https://github.com/Sifchain/sifnode,0x800a0d3320b9f61c74ea23901B3647d4Bf0866ec,144227.2835534327
0x0De05F6447ab4D22c8827449EE4bA2D5C288379B,(Proxy contract) Ooki Token,null,0xB7F72028D9b502Dc871C444363a7aC5A52546608,502801.21555463725
0x20945cA1df56D237fD40036d47E866C7DcCD2114,Nsure Network Token,null,0x04aE9200C02d598EDF2801C3E3850431d57CD707,178156.49805773707
0x297D33e17e61C2Ddd812389C2105193f8348188a,Strudel Finance,https://github.com/strudel-finance/,0x8db6B632D743aef641146DC943acb64957155388,389754.5447247764
0x286C0936c7Eaf6651099Ab5DAb9ee5A6cB5d229D,Kwikswap,null,0x00B9230c2Bd40bF0cd12A97a5Af34ac7a5E8B5D8,61717.150321774265
0xAf5191B0De278C7286d6C7CC6ab6BB8A73bA2Cd6,StargateToken (STG),null,0x1D7C6783328C145393e84fb47a7f7C548f5Ee28d,372416944.7535325
0x32C868F6318D6334B2250F323D914Bc2239E4EeE,N3RD.FINANCE,null,0xF4a08FDD3D76233b3C181b6F05985f908EDCD505,0
0x3402E15b3EA0f1aEC2679c4Be4c6d051ceF93953,QAO,https://github.com/rarechain/QAO,0x1e620B603216b10ba157eB2b87a4Ce0DCa0570de,0
0x3d6F0DEa3AC3C607B3998e6Ce14b6350721752d9,CARD.STARTER,null,0xCfd68c54F5632aBa6C79154b1c37E5724f2C360F,0
0x3FA729B4548beCBAd4EaB6EF18413470e6D5324C,(Proxy contract) Mover,https://github.com/viaMover,0xb754601d2C8C1389E6633b1449B84CcE57788566,660843.1746232937
0x40986a85B4cFCDb054A6CBFB1210194fee51af88,UNIFARM Token,null,0xcbc9Bf9507B55F11304678f21456e1Ee3579f056,2140410.388950885
0x4C2e59D098DF7b6cBaE0848d66DE2f8A4889b9C3,Fodl,null,0xFF5039700e8f404A58c1d259ea5b722fEdc280E5,1053533.4530418678
0x579CEa1889991f68aCc35Ff5c3dd0621fF29b0C9,Everipedia IQ,https://github.com/EveripediaNetwork/Everipedia,0xaCa39B187352D9805DECEd6E73A3d72ABf86E7A0,0
0x5F64Ab1544D28732F0A24F4713c2C8ec0dA089f0,DEXTF Token,null,0xFA5648Dcd1B2675CA4442BD9686ae67a5a58f5CA,45540.61194985067
0x62Dc4817588d53a056cBbD18231d91ffCcd34b2A,DeHive.finance,null,0x93D9c13829a604C34eDE73FB8E1BA924259374e8,85413.79766455197
0x6e9730EcFfBed43fD876A264C982e254ef05a0DE,Nord Token,null,0xD1AaeFb5A6cD1c72dc7cC540A950376d290ddA2f,101370.475576384
0x7F3EDcdD180Dbe4819Bd98FeE8929b5cEdB3AdEB,(Proxy contract) xToken,https://github.com/xtokenmarket/xtoken-js,0x38138586AedB29B436eAB16105b09c317F5a79dd,2994142.574755229
0x888888888889C00c67689029D7856AAC1065eC11,Opium Governance Token,https://github.com/OpiumProtocol,0x8CC1cFdc1C60C19a1d7C0fa3c042a4916AA79a51,3520720.575077685
0x888888435FDe8e7d4c54cAb67f206e4199454c60,DFX Token,https://github.com/dfx-finance/contracts,0xcC6B626faba67507D2328364085e9c614879fbd5,1039648.886405577
0x896e145568624a498c5a909187363AE947631503,Wasabi,https://github.com/wasabi-swap-team,0x68284083acbabCb6da84f62ea341dd8c30500EEE,259769.2634322593
0x72377f31e30a405282b522d588AEbbea202b4f23,Varen,https://github.com/varenfinance,0x19E7BA1587f48d6f8d1B07887D29fB4492D0101c,140045.0182918079
0x993864E43Caa7F7F12953AD6fEb1d1Ca635B875F,Singularity Dao,https://github.com/singularitydao,0x71210c76441b2Ac131FA1bc70057EA8700f1FEad,2805996.2959491825
0x9cEB84f92A0561fa3Cc4132aB9c0b76A59787544,DokiDokiFinance,null,0xB3348155afEac9AA6A14A48acbDA3D71100407fd,69965.29720123939
0xa4bBE66f151B22B167127c770016b15fF97Dd35C,UmbriaToken,https://github.com/umbria-defi/umbria-core,0x24e23ce29510A4Ef1bf1783A7aC8e1de2FaD38F3,0
0x9994E35Db50125E0DF82e4c2dde62496CE330999,Morpho Token,null,0x08072D67a6f158FE2c6f21886B0742736e925536,126596437.3906231
0xaDB2437e6F65682B85F814fBc12FeC0508A7B1D0,UniCrypt,null,0x60e2E1b2a317EdfC870b6Fc6886F69083FB2099a,180476222.33974308
0xB17548c7B510427baAc4e267BEa62e800b247173,Swarm Markets,https://github.com/SwarmMarkets/trade-smart-contracts,0xbeAeE712741c7f99B64B798Ca127FE776d491FB4,167980.81739460377
0xB6ff96B8A8d214544Ca0dBc9B33f7AD6503eFD32,SYNC,https://github.com/C-O-F-E/,0x7B18aAe272a34605C4ac5976F71040845028F059,0
0xc221b7E65FfC80DE234bbB6667aBDd46593D34F0,Wrapped Centrifuge,https://github.com/centrifuge/,0x6F8360FeF3Fd978ab9ABD43156e8b8671eAe64de,3277654.0219443417
0xCd2828fc4D8E8a0eDe91bB38CF64B1a81De65Bf6,OddzToken,https://github.com/oddz-finance,0xE36b46AEA38d1E9c7a4CEB698682bF46932782FE,160945.803094791
0xD23Ac27148aF6A2f339BD82D0e3CFF380b5093de,SIREN,https://github.com/sirenmarkets/core,0x67C41DaEb4DA6179DbFC8C7fCD379ee7E414B905,491847.0677088966
0xe8e8486228753E01Dbc222dA262Aa706Bd67e601,Arch Ethereum Web3,null,0xeF72D3278dC3Eba6Dc2614965308d1435FFd748a,167826.02238918457
0xFd09911130e6930Bf87F2B0554c44F400bD80D3e,(Proxy contract) Ethix,https://gitlab.com/EthicHub/geth-config,0x9378A4932aB933fb893192dc1B163A37e807B185,0
0xFF75CEd57419bcaEBe5F05254983b013B0646eF5,(Proxy contract) Cook Token,https://github.com/CookFinance,0x5d8BB0E847C0d334ceF86765157f2E76Ad8Ee966,143115.33488007743
0x6f80310CA7F2C654691D1383149Fa1A57d8AB1f8,Silo Governance Token,https://github.com/silo-finance,0x3E61FA24520C2754593b4544aCb936BC786206EC,17905332.461222783
0xf4d2888d29D722226FafA5d9B24F9164c092421E,LooksRare Token,https://github.com/looksrare,0xFf6c307226343fCF96AF2f6B5B05f63F717e68cb,0
0xEec2bE5c91ae7f8a338e1e5f3b5DE49d07AfdC81,Dopex Governance Token,https://github.com/dopex-io,0xDe485812E28824e542B9c2270B6b8eD9232B7D0b,22619393.763117794
0x5cAf454Ba92e6F2c929DF14667Ee360eD9fD5b26,Dev,https://github.com/dev-protocol/protocol,0x1dCb85efEa6A3FB528d19B9174E88ee35BfF540a,0
0xdab396cCF3d84Cf2D07C4454e10C8A6F5b008D2b,Goldfinch,https://github.com/goldfinch-eng/community-docs,0xE2cEF88ab090185299A997E90226Ad9d01B3b347,962674.193946
0x470EBf5f030Ed85Fc1ed4C2d36B9DD02e77CF1b7,Temple,https://github.com/TempleDAO/TempleDAO,0xDAB2FFE554FE42d8Ab1aEe38cB17e93C41b59ccF,193679.64586195917
0x01597E397605Bf280674Bf292623460b4204C375,Bent Token,null,0x8E0b94A789C26F21b141F99c888b84a8cd21A5Dd,685669.9911917703
0xA68Dd8cB83097765263AdAD881Af6eeD479c4a33,fees.wtf,null,0x575446Aa9E9647C40edB7a467e45C5916add1538,0
0xd0345D30FD918D7682398ACbCdf139C808998709,Lixir Token,https://github.com/LIXIR-FINANCE,0xb6f0439c1fcdBB9aaf64eEB9BD4F3140e95d1b5f,32250.76173925145
0x37C997B35C619C21323F3518B9357914E8B99525,Unipilot,https://github.com/VoirStudio,0xAd871E3e6094866874c7F6AD50B07e39057F9964,1319840.077537064
0xBEaB712832112bd7664226db7CD025B153D3af55,Bright Union,https://github.com/Bright-Union/,0xC6AC25a9edefb3368710c0Aef5fC387691CA0e3A,61964.39892207452
0x519C1001D550C0a1DaE7d1fC220f7d14c2A521BB,Polkaswap,https://github.com/sora-xor/polkaswap-web,0x1485E9852ac841b52eD44D573036429504f4F602,3532143.9653499997
0x3af33bEF05C2dCb3C7288b77fe1C8d2AeBA4d789,Kromatika,https://github.com/Kromatika-Finance,0xdbAABc182e5FCEbf216C353A3EBE32cDB7390094,170849.18391370866
0xDEc41Db0c33F3F6f3cb615449C311ba22D418A8d,Lobi,https://github.com/LobisHQWorkspace,0xBa9ebdC5054A206b3D54D7cb7E7a5ABd2810F6fe,0
0xE6f143a0e0A8f24F6294CE3432eA10FaD0206920,(Proxy contract) PolkaEx,https://github.com/polkaex,0x1D06921d0072eb57fE8E755D30C93a4324e7aB53,65991.80164541032
0x79256DB1BDB6259315a1a3D7Dd237F69cADFd8FC,Typhoon,null,0x29Fd05Ec26e64D73F60fa6e83FD2aeb9CEB4a22F,20194.13
0xfFED56a180f23fD32Bc6A1d8d3c09c283aB594A8,Freeliquid,null,0xeF6F7Bcd86e1B3fA52f80eE079b0eBd4BceA8EdB,0
0x84d821F7FbDD595c4C4A50842913e6b1E07d7a53,BNPL Pay,null,0x8DFa9eE6976dc5C49C7594d73a8e39d44b65574F,24837.711497040997
0x7A3D5d49D64E57DBd6FBB21dF7202bD3EE7A2253,TornadoCORE,null,0xfeed25Fc6Eae234c5eEfB3891cA18Bd4312a746f,0
0x68a3637bA6E75c0f66B61A42639c4e9fCD3D4824,MoonToken,https://github.com/moon-migration,0xeF71a18bb044d98A861e7Ee9d6ff9262Fff32f12,1104488.365873
0x961C8c0B1aaD0c0b10a51FeF6a867E3091BCef17,DeFiYieldProtocol,https://github.com/dypfinance,0x910090Ea889B64B4e722ea4b8fF6D5e734dFb38F,8994.60674908621
0xb4FBed161bEbcb37afB1Cb4a6F7cA18b977cCB25,DOGEswap,null,0x92E18018EF9aF7A683Ab1Bd5f23b0D94f3E0870D,0
0x321C2fE4446C7c963dc41Dd58879AF648838f98D,Cryptex,https://github.com/cryptexfinance,0x294CB241EBF6fe95bbb76071c7cDa8DD62EB138e,856138.7308050544
0x9Fb9a33956351cf4fa040f65A13b835A3C8764E3,Multichain,null,0x9Ad2fd279ff72F8B7C167118dd0e077050D3027D,1262195630.6510074
0x6fC13EACE26590B80cCCAB1ba5d51890577D83B2,Umbrella,https://github.com/umbrella-network/overture,0xA6e4fFa19B213AbeA258ae72e8e1a209B9E543e7,0
0xF4Dc48D260C93ad6a96c5Ce563E70CA578987c74,Babylon.Finance,null,0x040cC3AF8455F3c34D1df1D2a305e047a062BeBf,164873.44549307364
0x21ad647b8F4Fe333212e735bfC1F36B4941E6Ad2,Squid,null,0x85277BD3D3273994Ce65FA1Bb9D0bf7Da0b1980b,0
0xEd1480d12bE41d92F36f5f7bDd88212E381A3677,FIAT DAO Token,https://github.com/fiatdao,0x81919659ee08C4a36Eec956EF3170cAaA415AFF9,873605.3504765383
0xA2cd3D43c775978A96BdBf12d733D5A1ED94fb18,Chain,https://github.com/chain,0xe864C9439eb042e969c59Dd13D38cFdb28e16d73,0
0x30D20208d987713f46DFD34EF128Bb16C404D10f,Stader,null,0xD0A16a95669B14161B09dafFa20B24575b77b731,97222759.20749393
0xfB5c6815cA3AC72Ce9F5006869AE67f18bF77006,pSTAKE Finance,null,0x92FEBAb0073d48AA600D95D19e579d4A667a2C50,2613661.958119974
0x4e3FBD56CD56c3e72c1403e103b45Db9da5B9D2B,Convex Token (CVX),https://github.com/convex-eth/platform,0x947B7742C403f20e5FaCcDAc5E092C943E7D0277,3066105675.3616557
0x2eDf094dB69d6Dcd487f1B3dB9febE2eeC0dd4c5,ZeroSwapToken,null,0x9cA198C3560100CffB30764665aF88E468851393,0
0xB0c7a3Ba49C7a6EaBa6cD4a96C55a1391070Ac9A,(Proxy contract) MAGIC,https://github.com/TreasureForLoot,0x2940108780B870Ae8f1509Be95Fdf2b6fb066E41,0
0x0000000000095413afC295d19EDeb1Ad7B71c952,LON Token (LON),null,0x4e59b44847b379578588920cA78FbF26c0B4956C,759556.8197696215
0xB620Be8a1949AA9532e6a3510132864EF9Bc3F82,(Proxy contract) LendFlare DAO Token,https://github.com/LendFlare/lendflare_finance_contracts/,0x63B8C91Dd55626DB091Da26bA96bD8Dd3F36820b,4658320.806614
0x0202Be363B8a4820f3F4DE7FaF5224fF05943AB1,UniLend Finance Token (UFT),null,0x6dc6456B093551eFf2Dc40002A0367258a8bAC33,455361.17684728483
0x0258F474786DdFd37ABCE6df6BBb1Dd5dfC4434a,Orion Protocol,https://github.com/orionprotocol,0x3Ea94AbCBAaFb7E2BfE63a0dBe8Ff06a077bA9bA,6292575.276355182
0x0316EB71485b0Ab14103307bf65a021042c6d380,Huobi BTC (HBTC),null,0x63155828e949AEbA75038a5e8a5F4EDd5038d9a6,218427080.75506288
0x0391D2021f89DC339F60Fff84546EA23E337750f,BarnBridge Governance Token (BOND),https://github.com/BarnBridge,0xC73Add416E2119d20cE80E0904FC1877e33EF246,1938595.7162684163
0x03E173Ad8d1581A4802d3B532AcE27a62c5B81dc,Thales Token,null,0x4D03eF005e5f559fc9294a8E1CeBbA09284B1F82,257868.24673692897
0x93b743Fb12a2677adB13093f8eA8464A436DA008,Sudo Snacks,null,0x21c025A4E5B47bE192B1ccEcc3c6FE4128ce94A6,0
0x04Fa0d235C4abf4BcF4787aF4CF447DE572eF828,UMA Voting Token v1 (UMA),https://github.com/UMAprotocol/protocol,0x2bAaA41d155ad8a4126184950B31F50A1513cE25,9767722.189550692
0x04abEdA201850aC0124161F037Efd70c74ddC74C,(Proxy contract) NEST,https://github.com/NEST-Protocol/NEST-oracle-V3,0xA38afc5c1E33f85B06D4b8C2b4312c1DC1054882,5.719676825599999e-9
0x054f76beED60AB6dBEb23502178C52d6C5dEbE40,DeFiner (FIN),null,0x7f89D1C986779D2f336A29f1507ab88FE7F29DE9,801.054405220792
0x066798d9ef0833ccc719076Dab77199eCbd178b0,SakeToken,https://github.com/Sakeswap,0x142151D3b15b8961F2937Cf7880Bcd10c050800C,158912.75539094058
0x090185f2135308BaD17527004364eBcC2D37e5F6,Spell Token (SPELL),null,0xfddfE525054efaAD204600d00CA86ADb1Cc2ea8a,161507802.08397084
0x0954906da0Bf32d5479e25f46056d22f08464cab,Index,null,0xe501D177fE2172E1dA8a6D338a44d9f89705ed5C,46083145.520006984
0x09a3EcAFa817268f77BE1283176B946C4ff2E608,Wrapped MIR Token,https://github.com/Mirror-Protocol/terra-web-app,0xc6821958f8d73ad0819502c35e383DB8D3077ea2,728790.9175943484
0x09e64c2B61a5f1690Ee6fbeD9baf5D6990F8dFd0,Growth,null,0x239ebcFB32372F8cF7E31deA1b7A702b6fC2B92D,1043580.4648366144
0x0AaCfbeC6a24756c20D41914F2caba817C0d8521,(Proxy contract) YAM,https://github.com/yam-finance/yam-protocol,0x683A78bA1f6b25E29fbBC9Cd1BFA29A51520De84,190709.79088940378
0x0Ae055097C6d159879521C384F1D2123D1f195e6,STAKE (STAKE),https://github.com/xdaichain/stake-token,0xc7de769D23C2b64cF0144da98484feEDADFae531,145770039.27184966
0x0AeE8703D34DD9aE107386d3eFF22AE75Dd616D1,Tranche Finance (SLICE),null,0x5aD3330AeBDd74D7Dda641D37273Ac1835EE9330,823436.2950570775
0x1ef6A7e2c966fb7C5403EFEFdE38338b1a95a084,ShieldEX,null,0x1d2Ce768AEC43e600AFFDA25B344611975a253B9,340625.22712552344
0x139cEC55d1EC47493dFA25cA77C9208aBa4D3C68,ASET,https://github.com/Parasset,0x209B97d7fc8aB46C845147272bBfd176E96fa8B4,0.008606964538629152
0x25b24B3c47918b7962B3e49C4F468367F73CC0E0,AXL INU,https://github.com/aevapay-code/AXl-Codes,0x2a588Bf6754E23eD315AAaBDcfd3beCE75D0a2B3,0
0x0E29e5AbbB5FD88e28b2d355774e73BD47dE3bcd,Hakka Finance (HAKKA),https://github.com/hakkafinance/blackholeswap.com,0x1D075f1F543bB09Df4530F44ed21CA50303A65B2,3012448.7744532228
0x0adA190c81b814548ddC2F6AdC4a689ce7C1FE73,yAxis V2,https://github.com/yaxis-project/metavault,0x65F84A48e640a908d0DF7B6f00B871352F77022D,631405.4242385516
0x0b38210ea11411557c13457D4dA7dC6ea731B88a,API3,https://github.com/api3dao/airnode,0x24dd2870B2A1986F58B495848606Ed93270eC6FB,0
0x0bc529c00C6401aEF6D220BE8C6Ea1667F6Ad93e,yearn.finance (YFI),https://github.com/iearn-finance/ygov-finance,0x2D407dDb06311396fE14D4b49da5F0471447d45C,353514133.60539573
0x0cEC1A9154Ff802e7934Fc916Ed7Ca50bDE6844e,PoolTogether (POOL),null,0xE0F4217390221aF47855E094F6e112D43C8698fE,44805225.486717395
0x0f2D719407FdBeFF09D87557AbB7232601FD9F29,Synapse (SYN),null,0x846E607B930Ea1F5DDE6c4a9D9104d5fbfAfa157,148455173.89649153
0x0f51bb10119727a7e5eA3538074fb341F56B09Ad,DAO Maker,https://github.com/daomaker,0x29dcEE0513F729f0a8C3E591aeed224695ED5c1F,1106802.860487509
0x10010078a54396F62c96dF8532dc2B4847d47ED3,Hundred Finance,https://github.com/hundred-finance,0x8FcBA7279af1d5d12C77e7062cAf1E09A0623f97,19107176.326312102
0x111111111117dC0aa78b770fA6A738034120C302,1INCH Token (1INCH),https://github.com/1inch,0x514DF5293Aa7cA53C05D79C37b836596C4ABf687,5315910.443235863
0x92868A5255C628dA08F550a858A802f5351C5223,(Proxy contract) Cross-Chain Bridge Token,https://github.com/crosschainbridge,0xCCB00A288D88AaFa6C0019B6431c1C1E164B742B,3582301.4587102723
0xbc138bD20C98186CC0342C8e380953aF0cb48BA8,Candle,null,0x546D090bbcEC3d96903d41e38C3436c1C601AF9c,0
0xb3Ad645dB386D7F6D753B2b9C3F4B853DA6890B8,Concentrator Token,https://github.com/AladdinDAO/aladdin-v3-contracts,0x07dA2d30E26802ED65a52859a50872cfA615bD0A,46281290.281124905
0x1337DEF16F9B486fAEd0293eb623Dc8395dFE46a,Armor (ARMOR),null,0xc25774Eff42C93d2FE9f97Fe8BF2A819C2D48c92,0
0x155ff1A85F440EE0A382eA949f24CE4E0b751c65,Behodler.io (EYE),https://github.com/Behodler/,0x2593be17Dd1C31B4c124A18BAC3a7aE19567ae37,81116.55533881899
0x2920f7d6134f4669343e70122cA9b8f19Ef8fa5D,MonoX Token,null,0xab5167e8cC36A3a91Fd2d75C6147140cd1837355,11558.943156310688
0xC011a73ee8576Fb46F5E1c5751cA3B9Fe0af2a6F,Synthetix Network Token (SNX),https://github.com/Synthetixio/synthetix,0xb75503907b1a1432C59f397cab0c9b4410bb98f5,272901788.5220121
0x16ECCfDbb4eE1A85A33f3A9B21175Cd7Ae753dB4,Route (ROUTE),https://github.com/router-protocol/router-governance,0xC502aE9f8f4529d40286c500b12C28710bB3B959,430572.17319568223
0x16ba8Efe847EBDFef99d399902ec29397D403C30,Oh! Finance,https://github.com/orgs/OhFinance,0x000000010b5AFA32AB82B72625D68571B11EAE13,257653.4591576758
0x1776e1F26f98b1A5dF9cD347953a26dd3Cb46671,(Proxy contract) Numeraire (NMR),https://github.com/erasureprotocol/erasure-protocol,0x9608010323eD882a38eDe9211D7691102b4F0Ba0,2854312.5367395957
0x1F573D6Fb3F13d689FF844B4cE37794d79a7FF1C,Bancor (BNT),https://github.com/bancorprotocol/contracts,0x009BB5e9fCF28E5E601B7D0e9e821da6365d0a9c,61510683.27121246
0x1FCdcE58959f536621d76f5b7FfB955baa5A672F,The Force Token,https://github.com/theforceprotocolgroup/smartcontract,0xcC042A4c8A047C6381Ce9a341F38A33B36FD372a,1327867.2101550829
0x1a23a6BfBAdB59fa563008c0fB7cf96dfCF34Ea1,CoFi Token,https://github.com/Computable-Finance/CoFiX,0xf02F6A0F347CC664fFfd55591A765F403E610d8E,14578.039796314326
0x1b40183EFB4Dd766f11bDa7A7c3AD8982e998421,VesperToken (VSP),https://github.com/vesperfi,0xB5AbDABE50b5193d4dB92a16011792B22bA3Ef51,15854373.068344425
0x1cEB5cB57C4D4E2b2433641b95Dd330A33185A44,Keep3rV1 (KP3R),null,0x2D407dDb06311396fE14D4b49da5F0471447d45C,214738390
0x1f9840a85d5aF5bf1D1762F925BDADdC4201F984,Uniswap (UNI),null,0x41653c7d61609D856f29355E404F310Ec4142Cfb,2474407832.868569
0x20c36f062a31865bED8a5B1e512D9a1A20AA333A,DefiDollar DAO,https://github.com/defidollar,0x08F7506E0381f387e901c9D0552cf4052A0740a4,4374727.3502873145
0x21BfBDa47A0B4B5b1248c767Ee49F7caA9B23697,OVR (OVR),https://github.com/OVR-Platform,0x5885f2329b7a4AB71d0418629f16D76F8ab65677,0
0x221657776846890989a759BA2973e427DfF5C9bB,Reputation (REPv2),https://github.com/AugurProject/augur-core,0xBCc9946143534E28C3baD116cea0F81b9b208799,1002291.5183686742
0x2260FAC5E5542a773Aa44fBCfeDf7C193bc2C599,Wrapped BTC (WBTC),https://github.com/WrappedBTC/bitcoin-token-smart-contracts,0x8b41783AD99FCBeB8d575fA7A7b5a04fA0b8d80b,3119822341.390537
0x232FB065D9d24c34708eeDbF03724f2e95ABE768,Sheesha Finance,null,0x467A383d5561C933A0f9C13D441828c49d323B00,0
0x24A6A37576377F63f194Caa5F518a60f45b42921,(Proxy contract) Float Bank (BANK),https://github.com/FloatProtocol,0x2B84260068A16B8d32fB8f5940FCE559511851f5,418562.6658451993
0xBEA0000029AD1c77D3d5D23Ba2D8893dB9d1Efab,Bean,https://github.com/BeanstalkFarms/Beanstalk,0xC1E088fC1323b20BCBee9bd1B9fC9546db5624C5,0
0x2791BfD60D232150Bff86b39B7146c0eaAA2BA81,BiFi (BiFi),https://github.com/bifrost-platform/BIFI,0x46D7c44636D158fEDb1aE9533fd3B4022c7b6288,14593042.674691658
0x28A06c02287e657ec3F8e151A13C36A1D43814b0,BondAppetit Governance (BAG),https://github.com/bondappetit,0x6Eff5218f3EBB8A813539DBA87bD5c7D4d2B3dcc,47050.98
0x2A8e1E676Ec238d8A992307B495b45B3fEAa5e86,(Proxy contract) Origin Dollar (OUSD),https://www.github.com/originprotocol/origin-dollar,0xAed9fDc9681D61edB5F8B8E421f5cEe8D7F4B04f,48573808.44596975
0xC0c293ce456fF0ED870ADd98a0828Dd4d2903DBF,Aura,https://github.com/aurafinance/,0xA28ea848801da877E1844F954FF388e857d405e5,351440555.99886
0x2aECCB42482cc64E087b6D2e5Da39f5A7A7001f8,Ruler Protocol (RULER),https://github.com/Ruler-Protocol/ruler-core-public,0xDd79dc5B781B14FF091686961ADc5d47e434f4B0,0
0x2b591e99afE9f32eAA6214f7B7629768c40Eeb39,HEX (HEX),https://github.com/HexCommunity,0x896f23373667274e8647b99033c2a8461ddD98CC,0
0x2e9d63788249371f1DFC918a52f8d799F4a38C94,Tokemak,null,0x9e0bcE7ec474B481492610eB9dd5D69EB03718D5,36979980.77221986
0x31429d1856aD1377A8A0079410B297e1a9e214c2,ANGLE (ANGLE),https://github.com/AngleProtocol,0xfdA462548Ce04282f4B6D6619823a7C64Fdc0185,48793018.22287997
0x3155BA85D5F96b2d030a4966AF206230e46849cb,THORChain ETH.RUNE,null,0x3efF38C0e1e5DD6Bd58d3fa79cAecc4Da46C8866,95443892.81478186
0xd779eEA9936B4e323cDdff2529eb6F13d0A4d66e,ENTER Governance Token,https://github.com/EnterDAO,0xF04215481d77d1B706090D415F652818943Fc80E,249786.650756979
0x618679dF9EfCd19694BB1daa8D00718Eacfa2883,XYZ Governance Token,null,0xDf342Ac052B1dd10552Df81be77ef4a84b4cAE60,1132452.4721282178
0x33D0568941C0C64ff7e0FB4fbA0B11BD37deEd9f,RAMP DEFI,https://github.com/RAMP-DEFI/RAMP_SECURITY_AUDITS,0x76E2b8125b3f42cb1763BE4173c269b7725499D9,292963.34252765763
0x3432B6A60D23Ca0dFCa7761B7ab56459D9C964D0,Frax Share (FXS),https://github.com/fraxfinance/frax-solidity,0xa448833bEcE66fD8803ac0c390936C79b5FD6eDf,1081424791.4975557
0x3449FC1Cd036255BA1EB19d65fF4BA2b8903A69a,BAC (BAC),https://github.com/Basis-Cash,0x68C3a95B35C45Db5dB67ed83c43305052FAD6e04,386390.7823516261
0x3472A5A71965499acd81997a54BBA8D852C6E53d,Badger (BADGER),https://github.com/Badger-Finance,0x909d05F384D0663eD4BE59863815aB43b4f347Ec,33361134.639999993
0x3496B523e5C00a4b4150D6721320CdDb234c3079,(Proxy contract) NUM Token (NUM),https://github.com/numbersprotocol,0xaF02f78971b48Ed6dc4B21D19AB91c55ee2fbCa8,0
0x3593D125a4f7849a1B059E64F4517A86Dd60c95d,MANTRA DAO (OM),https://github.com/Mantradao,0xFa0e08b7e80E6e7eeCAd9800Bc32eF19132da295,1246143.5055191002
0x6FF1BFa14A57594a5874B37ff6AC5efbD9F9599A,Totem Token,null,0x563c28105c246453d38f1FF25C98F32514024D9e,0
0x4dA34f8264CB33A5c9F17081B9EF5Ff6091116f4,ELFI Token,https://github.com/elysia-dev,0xe87f7e3A65Acc7b79DBa7716BE1d13C6dc1037df,281444.86437831784
0x374CB8C27130E2c9E04F44303f3c8351B9De61C1,BaoToken,null,0x3bC3c8aF8CFe3dFC9bA1A57c7C3b653e3f6d6951,1154370.3049254618
0x37fE0f067FA808fFBDd12891C0858532CFE7361d,Civilization (CIV),https://github.com/sator-settler/civ-token,0x3303D3460F8C57282fBCc3e83dD7c2B936D5d515,0
0x383518188C0C6d7730D91b2c03a03C837814a899,OHM V1,https://github.com/OlympusDAO,0xD7c4208AeB0961972B3eA717Be25F2194d5F0331,207273505.93660808
0x3845badAde8e6dFF049820680d1F14bD3903a5d0,SAND (SAND),null,0x18dd4e0eb8699eA4FeE238dE41ECfb95e32272f8,0
0x389999216860AB8E0175387A0c90E5c52522C945,FEGtoken (FEG),null,0x3B30Bac3c331168e40FC6338BA2295A2F3adDe52,0
0x38e4adB44ef08F22F5B5b76A8f0c2d0dCbE7DcA1,Concentrated Voting Power,https://github.com/powerpool-finance,0x29BfF390FC12C900Aaf0F2e51C06675Df691337a,722690.5964510479
0x3A880652F47bFaa771908C07Dd8673A787dAEd3A,DerivaDAO,null,0xD29FC595d45b9E86684258F7aEf02e27234FD744,1645028.2201035966
0x3C4B6E6e1eA3D4863700D7F76b36B7f3D3f13E3d,Voyager Token,null,0x2751912ce2CD636B9924B9a9Ff84714a2e16943d,0
0x3Ec8798B81485A254928B70CDA1cf0A2BB0B74D7,Gro DAO Token (GRO),null,0xBA5EDF9dAd66D9D81341eEf8131160c439dbA91B,7236424.710834164
0x3F382DbD960E3a9bbCeaE22651E88158d2791550,Aavegotchi GHST Token,https://github.com/aavegotchi,0x909d05F384D0663eD4BE59863815aB43b4f347Ec,8384879.862287177
0x3b484b82567a09e2588A13D54D032153f0c0aEe0,SOS,null,0x20f1Da6B7913F62e09C9c03B5F9fefFC82C8Bc18,0
0xd9Fcd98c322942075A5C3860693e9f4f03AAE07b,Euler,https://github.com/euler-xyz,0xEe009FAF00CF54C1B4387829aF7A8Dc5f0c8C8C5,153204206.79603693
0x3c48Ca59bf2699E51d4974d4B6D284AE52076e5e,Capital DAO Starter Token,null,0x56348e77b02B7d0f4e5114ee2594C06F8C684692,0
0x408e41876cCCDC0F92210600ef50372656052a38,Republic,https://github.com/renproject/renproject.io,0x9B1B265e548283430e6Ae4721842c448F4bed559,34117477.40559095
0x4104b135DBC9609Fc1A9490E61369036497660c8,(Proxy contract) APWine Token,https://github.com/APWine,0x9BA84de65ACfb90cd6fEc95F08574e4f2c32B6e8,620448.3377214578
0x41D5D79431A913C4aE7d69a668ecdfE5fF9DFB68,Inverse DAO,https://github.com/InverseFinance,0x3FcB35a1CbFB6007f9BC638D388958Bc4550cB28,6430878.120553929
0x429881672B9AE42b8EbA0E26cD9C73711b891Ca5,PickleToken,null,0x907D9B32654B8D43e8737E0291Ad9bfcce01DAD6,7353251.67615038
0x43044f861ec040DB59A7e324c40507adDb673142,Cap,https://github.com/0xcap/client,0x26d8B7A8E6C2f407a04c838564c5d99831E832EC,4429141.96582885
0x431ad2ff6a9C365805eBaD47Ee021148d6f7DBe0,dForce (DF),https://github.com/dforcenetwork,0x377598d56030b2d6a9E83f20d44ba3B10ddFA2D5,41126449.74587267
0x43Dfc4159D86F3A37A5A4B3D4580b888ad7d4DDd,DODO bird (DODO),null,0x17Dbfa501F2f376D092FA69d3223a09Bba4eFdF7,46464038.008195624
0x441761326490cACF7aF299725B6292597EE822c2,UNFI,null,0x42dc05B5A409e3ac9270E4bE8a9A503A4573B9FF,4894198.687930874
0x44564d0bd94343f72E3C8a0D22308B7Fa71DB0Bb,BasketDAO Gov,https://github.com/basketdao,0xF337A885a7543CAb542B2D3f5A8c1945036E0C42,475577.6161990155
0x4691937a7508860F876c9c0a2a617E7d9E945D4B,Wootrade Network (WOO),null,0xE64eB20471491956338eEdC0F98242Bc3aD0C91b,7412134.643566652
0x2ba592F78dB6436527729929AAf6c908497cB200,Cream,null,0x197939c1ca20C2b506d6811d8B6CDB3394471074,33560794.263480924
0x485d17A6f1B8780392d53D64751824253011A260,ChronoTech Token,https://github.com/ChronoBank/SmartContracts,0x24495670DB97F50a404400d7aA155537E2fE09e8,286491.49708329217
0x48C3399719B582dD63eB5AADf12A40B4C3f52FA2,(Proxy contract) StakeWise (SWISE),https://github.com/stakewise,0x1867c96601bc5fE24F685d112314B8F3Fe228D5A,102431950.13330041
0x49E833337ECe7aFE375e44F4E3e8481029218E5c,Value Liquidity,null,0x7Be4D5A99c903C437EC77A20CB6d0688cBB73c7f,328685.98424307775
0x4C19596f5aAfF459fA38B0f7eD92F11AE6543784,(Proxy contract) TrueFi (TRU),https://github.com/trusttoken/truefi-spec,0xf6E2Da7D82ee49f76CE652bc0BeB546Cbe0Ea521,8340701.550942689
0x4a615bB7166210CCe20E6642a6f8Fb5d4D044496,NAOSToken,null,0x38502343cD16FE739ca18bDeC7857aEb775F0411,30524.419660118325
0x4c11249814f11b9346808179Cf06e71ac328c1b5,Oraichain Token (ORAI),https://github.com/oraichain,0x8ae1874f2F9f26Eeecf1855aDEC19F530e3CdEaa,0
0xb8919522331C59f5C16bDfAA6A121a6E03A91F62,(Proxy contract) Home,null,0x67368f4c89DDa2a82D12D3a703c32C35ff343bF6,0
0x4e352cF164E64ADCBad318C3a1e222E9EBa4Ce42,(Proxy contract) MCDEX Token (MCB),https://github.com/mcdexio,0x904b5993fC92979eeEdC19cCC58bED6B7216667c,11186438.083411083
0x5197FBE1a86679FF1360E27862BF88B0c5119BD8,BITPIF,null,0xDeF1b9Be18cd90cF82Fa250bc9e9fa94aD96f463,0
0x5218E472cFCFE0b64A064F055B43b4cdC9EfD3A6,UnFederalReserveToken (eRSDL),https://github.com/UnFederalReserve/,0xFc633b4776ecc6299eFb597A9C6cfCFbA20Ba398,483623.20077146724
0x544c42fBB96B39B21DF61cf322b5EDC285EE7429,(Proxy contract) InsurAce (INSUR),https://github.com/InsurAce-Protocol,0x345C9AE61Ff6e68B319D61082a017ba854892488,11589996.514191462
0x584bC13c7D411c00c01A62e8019472dE68768430,Hegic (HEGIC),https://github.com/hegic/contracts-v888,0xcc1Ab2A23cd49266A9bEb315a7104187373bACe9,5987916.322107557
0x5A98FcBEA516Cf06857215779Fd812CA3beF1B32,Lido DAO Token (LDO),https://github.com/lidofinance/lido-dao,0x909d05F384D0663eD4BE59863815aB43b4f347Ec,5927610761.809289
0x5D8d9F5b96f4438195BE9b99eee6118Ed4304286,Old Cover Protocol,null,0xDd79dc5B781B14FF091686961ADc5d47e434f4B0,815379.4576094797
0x5d30aD9C6374Bf925D0A75454fa327AACf778492,Peri Finance Token,https://github.com/perifinance,0x918153D6e806dF9d4D33664D1cC580416171f720,944508.5649999998
0x6123B0049F904d730dB3C36a31167D9d4121fA6B,Ribbon (RBN),https://github.com/ribbon-finance,0x69FE2573CEf2837F5CE9B9c9faD81a107Df50bbd,48466474.25748651
0x62359Ed7505Efc61FF1D56fEF82158CcaffA23D7,cVault.finance,https://github.com/cVault-finance,0x5A16552f59ea34E44ec81E58b3817833E9fD5436,8850140.44011646
0x6243d8CEA23066d098a15582d81a598b4e8391F4,Flex Ungovernance Token,https://github.com/reflexer-labs,0x7FAfc11677649DB6AbFEC127B4B776D585520ae1,30678975.154580183
0x0d02755a5700414B26FF040e1dE35D337DF56218,(Proxy contract) Bend Token,https://github.com/BendDAO,0x8Bd671Ff94fCF7cAFF7e396A3aC38db2720DB3a7,73687906.46855083
0x65d9bC970aA9B2413027fA339F7f179B3F3f2604,(Proxy contract) QIAN governance token,https://github.com/QIAN-Protocol/QIAN,0x99555a4F1fdd85A4cf431d7569d678Ad0be3c933,2859.6217577960538
0x66C0DDEd8433c9EA86C8cf91237B14e10b4d70B7,MarsToken,https://github.com/MarsFi/,0x65785917BC751F6506Bd4818527B1909D0B1e57a,608323.4036786369
0x6810e776880C02933D47DB1b9fc05908e5386b96,Gnosis (GNO),https://github.com/gnosis/safe-contracts/,0xbe4e25443Df23382228E6347b06565edD838f901,3355113.240279382
0x6B3595068778DD592e39A122f4f5a5cF09C90fE2,SushiToken (SUSHI),null,0xF942Dba4159CB61F8AD88ca4A83f5204e8F4A6bd,403257119.50871307
0xF56b164efd3CFc02BA739b719B6526A6FA1cA32a,Curio Governance Token,https://github.com/CurioTeam,0x9a417f2e1c588c1FEfc97606efad71265dAbf600,18120.33760849842
0x6DEA81C8171D0bA574754EF6F8b412F2Ed88c54D,LQTY,https://github.com/liquity/dev,0xa850535D3628CD4dFEB528dC85cfA93051Ff2984,422900768.36726594
0x6F620EC89B8479e97A6985792d0c64F237566746,WePiggy Coin,https://github.com/WePiggy,0xF2caFB99992Ce6A49f948B452c783614808612d1,7888989.68033344
0x6F87D756DAf0503d08Eb8993686c7Fc01Dc44fB1,UniTrade,null,0x23D3808fEaEb966F9C6c5EF326E1dD37686E5972,227253.78010182775
0x6bB61215298F296C55b19Ad842D3Df69021DA2ef,Drops Ownership Power,https://github.com/Dropsorg/drops-nft-protocol,0xd1F60eBec593289daBA5F5eCba16a906f9d7A8BC,1649324.897845625
0x51195e21BDaE8722B29919db56d95Ef51FaecA6C,Protocol: - Generic,null,0x7f8916b5f4Bef6B423aBA21b4627b27b2Bf5e396,2604564.1154616494
0x6f40d4A6237C257fff2dB00FA0510DeEECd303eb,(Proxy contract) Instadapp,https://github.com/instadapp/dsa-connect,0xf6839085F692bDe6A8062573E3DA35E7e947C21E,1568800685.863311
0x725C263e32c72dDC3A19bEa12C5a0479a81eE688,Bridge Mutual,null,0xBA20fc2D665B6DDa0475D1bFDF60F4Af7F47524e,758496.5907744836
0x727f064A78DC734D33eEc18d5370aef32Ffd46e4,Orion Money Token (ORION),https://github.com/orionterra,0x9C9B61d911C54ADAB95bF9c1F0F0e7BF838CeC26,102963.15552524042
0x72e9D9038cE484EE986FEa183f8d8Df93f9aDA13,SMARTCREDIT Token,null,0x77D1D1638d6770de23125F6298D2814A6ecebccC,567093.1636395976
0x73968b9a57c6E53d41345FD57a6E6ae27d6CDB2F,Stake DAO Token,null,0xb36a0671B3D49587236d7833B01E79798175875f,42835096.60683346
0x752Efadc0a7E05ad1BCCcDA22c141D01a75EF1e4,CompliFi,https://github.com/CompliFi,0x0FB21490A878AA2Af08117C96F897095797bD91C,1117113.944948375
0x767FE9EDC9E0dF98E07454847909b5E959D7ca0E,Illuvium (ILV),https://github.com/IlluviumGame,0x0691f5804d4227925F19b031821b530b48FFf38f,4692.5072376842245
0x76c5449F4950f6338A393F53CdA8b53B0cd3Ca3a,BT.Finance,https://github.com/btdotfinance/bt-finance,0x5e1F55A4a02890Cf7d599a8d39CB5e4CDbef3aea,61593.58
0x773258b03c730F84aF10dFcB1BfAa7487558B8Ac,Secret Finance,https://github.com/enigmampc/SecretSwap,0x1d6C7B7C5Aa3D135068EE75eCBf479eaAa51b1bD,1439139.9459368591
0x7777777777697cFEECF846A76326dA79CC606517,xSigma (SIG),null,0x2a7D2665955C1CDB7f41AeA9c3f4CCe74b835b0A,354859.5865930861
0x77dcE26c03a9B833fc2D7C31C22Da4f42e9d9582,(Proxy contract) DAOventuresDeFi (DVD),https://github.com/daoventures,0xcab7a9239b94a51908d6CF522cE72B5Be5058402,34906.915641806576
0x7815bDa662050D84718B988735218CFfd32f75ea,YEL Token,https://github.com/YieldEnhancementLabs,0xc4E3057A4410e118c3B357D049838407Ad95943d,0
0x793786e2dd4Cc492ed366a94B88a3Ff9ba5E7546,AXIA TOKEN (axiaprotocol.io),https://github.com/axiaprotocol,0x5637c1E5Bb45ffA08F8C069D2d4C853e745E62FA,54016.46361362088
0x7D1AfA7B718fb893dB30A3aBc0Cfc608AaCfeBB0,Matic Token (MATIC),https://github.com/maticnetwork/contracts,0x78655080b65f42E2ceE5FA5673689CC44D4E1cFC,6303444801.724115
0x7Fc66500c84A76Ad7e9c93437bFc5Ac33E2DDaE9,(Proxy contract) Aave Token,https://github.com/aave/aave-protocol,0x51F22ac850D29C879367A77D241734AcB276B815,3207148015.3144994
0xEAc9873291dDAcA754EA5642114151f3035c67A2,Protocol: - Generic,null,0x291d3813D975317B4375E050217c5335Ab28e87f,0
0x7b35Ce522CB72e4077BaeB96Cb923A5529764a00,Impermax (IMX),https://github.com/Impermax-Finance,0x9fC5341dB9a9CdF8337B4Bd286d4cfC03B20Ad35,6171813.590343
0x808507121B80c02388fAd14726482e061B8da827,Pendle (PENDLE),https://github.com/pendle-finance,0x196e6d50df6289e1F82838E84774b2B0c8f4aF62,13700220.571921628
0x81859801b01764D4f0Fa5E64729f5a6C3b91435b,bearn.fi,null,0x4C4871e1c48Bc7C1e86d9cf3D41846E9A2C24c36,1354966.5836185983
0x8290333ceF9e6D528dD5618Fb97a76f268f3EDD4,Ankr Network,https://github.com/Ankr-network/dccn-common,0x146eE71e057e6B10eFB93AEdf631Fde6CbAED5E2,152189082.88444024
0x83e6f1E41cdd28eAcEB20Cb649155049Fac3D5Aa,PolkastarterToken,null,0x529c5a5152Ae3B2F24Bb7800441F9d630e85DE61,0
0x84810bcF08744d5862B8181f12d17bfd57d3b078,SharedStake Governance Token,null,0x18691f528659D0Abd08f79498dCc7B6fBdc1e91d,19981848.654253494
0xC91a71A1fFA3d8B22ba615BA1B9c01b2BBBf55ad,ZigZag,https://github.com/ZigZagExchange,0x60bAfCe7AF8Cc6C69D92952453AcEE1d4Da7e7D8,0
0x86772b1409b61c639EaAc9Ba0AcfBb6E238e5F83,Indexed (NDX),https://github.com/indexed-finance,0x236ECcAB8cdcfEDb099dE85c4060024bA3cE4d46,745997.4768426178
0x1321f1f1aa541A56C31682c57b80ECfCCd9bB288,ARCx Governance Token,null,0x9c767178528c8a205DF63305ebdA4BB6B147889b,0
0x4674a4F24C5f63D53F22490Fb3A08eAAAD739ff8,Brokoli Token,null,0x333273259d6a4F5Ebd938fCa45c57F104061E26d,0
0x785c34312dfA6B74F6f1829f79ADe39042222168,(Proxy contract) BUMP,https://github.com/Bumper-Fi/,0x31bd8124C71ea1bB2B698fe8E2413Cd9DC71D4cC,6492279.131509
0xd38BB40815d2B0c2d2c866e0c72c5728ffC76dd9,Symbiosis,https://github.com/symbiosis-finance,0x23580eE21e7b438CC7995FdB0BDE885E58c2B3E0,852960.488332867
0x8762db106B2c2A0bccB3A80d1Ed41273552616E8,Reserve Rights,null,0xBb20467EcccB3F60F8dbEca09a61879893e44069,14041273.768214
0x875773784Af8135eA0ef43b5a374AaD105c5D39e,Idle,http://github.com/Idle-Labs,0xE5Dab8208c1F4cce15883348B72086dBace3e64B,43043246.542449966
0x87d73E916D7057945c9BcD8cdd94e42A6F47f776,NFTX,https://github.com/NFTX-project/x-contracts,0x909d05F384D0663eD4BE59863815aB43b4f347Ec,16202704.721668754
0x8888801aF4d980682e47f1A9036e589479e835C5,88mph.app,https://github.com/88mphapp,0x35fe9C48f124ba068eFDF584e6239d65618F7D5E,3538683.8763162447
0x88ACDd2a6425c3FaAE4Bc9650Fd7E27e0Bebb7aB,Alchemist,https://github.com/alchemistcoin/alchemist,0xf1Ba76d490183a10B29f4dFc89d84C1F9B41dD3d,2018146.106190892
0x89Ab32156e46F46D02ade3FEcbe5Fc4243B9AAeD,pNetwork Token (PNT),https://github.com/provable-things/ethereum-bridge,0x56db816b3456EDfa6edbC65F00ba45296fE136F2,57177963.34938099
0x8A9C67fee641579dEbA04928c4BC45F66e26343A,(Proxy contract) Jarvis Reward Token (JRT),null,0x0D54AAdd7CE2DC10eb9527C6105a3c3f1b463d1b,595224.5728734877
0x8CE9137d39326AD0cD6491fb5CC0CbA0e089b6A9,Swipe (SXP),https://GitHub.com/Solar-network,0x772463ce2F97393218f610C2688529880c9f730A,145255.09095593612
0x8a6ACA71A218301c7081d4e96D64292D3B275ce0,Stable Finance Governance Token,https://github.com/s-finance-org/s-finance-web,0x71e3216f355113d2DA7f27C9c5B0F83c816fb04B,15873.751513661813
0x8a6f3BF52A26a21531514E23016eEAe8Ba7e7018,Multiplier,https://github.com/Multiplier-Finance,0x19B292c1a84379Aab41564283e7f75bF20e45f91,44245.58885789824
0x8ab98C28295Ea3BD2DB6aC8b3CA57A625C054BD1,SunflowerToken,null,0xdd5b67E58B3A0ad20757c10Cee9B0e33331eaAfd,1584.9167013548572
0x8dAEBADE922dF735c38C80C7eBD708Af50815fAa,tBTC,https://github.com/keep-network/tbtc,0x123694886DBf5Ac94DDA07135349534536D14cAf,21776713.52065001
0x903bEF1736CDdf2A537176cf3C64579C3867A881,ichi.farm,https://github.com/ichidao,0x11111D16485aa71D2f2BfFBD294DCACbaE79c1d4,12034498.6135158
0x90B831fa3Bebf58E9744A14D638E25B4eE06f9Bc,MIMO Parallel Governance Token,https://github.com/mimo-capital,0xDeD9F901D40A96C3Ee558E6885bcc7eFC51ad078,17502784.110987213
0x92D6C1e31e14520e676a687F0a93788B716BEff5,dYdX (DYDX),https://github.com/dydxprotocol,0x301DF37d653b281AF83a1DDf4464eF21A622eC83,411802099.264049
0x92E187a03B6CD19CB6AF293ba17F2745Fd2357D5,Unit Protocol,https://github.com/unitprotocol/core,0xf827AC3A510ecA8D7f356C9C9d78699d5848Cabf,175954.4999623976
0x93ED3FBe21207Ec2E8f2d3c3de6e058Cb73Bc04d,Pinakion (PNK),https://github.com/kleros/kleros,0x00B5ADe4ac1fE9cCc08Addc2C10070642335117F,0
0x949D48EcA67b17269629c7194F4b727d4Ef9E5d6,Merit Circle,https://github.com/Merit-Circle,0x3cB580c041Cce953adfc2148e5BE6c1c893CCa9E,0
0x94E0BAb2F6Ab1F19F4750E42d7349f2740513aD5,UNIC (UNIC),https://github.com/uniclyNFT/unicly-core,0x92b22149fec19094650f3f99dC141c8f77b03c15,1628803.9791421616
0x956F47F50A910163D8BF957Cf5846D573E7f87CA,Fei USD (FEI),null,0x8d5ED43dCa8C2F7dFB20CF7b53CC7E593635d7b9,4.874603070079555
0x967da4048cD07aB37855c090aAF366e4ce1b9F48,Ocean Token (OCEAN),https://github.com/oceanprotocol/ocean,0xE80E92C586971Cb4b97C19df38F14E8e5AD7b3A0,102100.30460066476
0x97872EAfd79940C7b24f7BCc1EADb1457347ADc9,Strips Token (STRP),https://github.com/strips-finance,0x327e2f134f23F47C367559c37ca9cca0763e92a0,0
0x9ad37205d608B8b219e6a2573f922094CEc5c200,izumi Token,https://github.com/IzumiFinance/,0x9901E08510fE03e3De528a3Ae3137B70EE1B8b2D,28279780.75485601
0x9813037ee2218799597d83D4a5B6F3b6778218d9,BONE SHIBASWAP,null,0xc7D0445ac2947760b3dD388B8586Adf079972Bf3,24217741.740200814
0xB9D7DdDca9a4AC480991865EfEf82E01273F79C3,bLUSD,https://github.com/liquity/ChickenBond,0x9B5715C99d3A9db84cAA904f9f442220651436e8,68988065.69304895
0x9B99CcA871Be05119B2012fd4474731dd653FEBe,(Proxy contract) Antimatter.Finance Governance Token (MATTER),https://github.com/antimatter-finance,0x3D0A2a1ddeD59cC1cE1edF59295e1491748fD52B,186699.67401882305
0x9C78EE466D6Cb57A4d01Fd887D2b5dFb2D46288f,Must,https://github.com/cometh-game/,0x039Bf2465A66De25a4D94f6F0702A4BdA09f0Eca,667266.8136164782
0x9F284E1337A815fe77D2Ff4aE46544645B20c5ff,Darwinia Commitment Token,https://github.com/darwinia-network/darwinia,0x52386BE2397e8EAc26298F733b390684203fB580,274895.76568614296
0x9f20Ed5f919DC1C1695042542C13aDCFc100dcab,Component (CMP),null,0x45fE418D510594F7110963A0241B8E2962c97358,552676.3914888443
0x9f8F72aA9304c8B593d555F12eF6589cC3A579A2,Maker (MKR),https://github.com/makerdao/dai.js,0x731c6F8C754FA404CFCC2Ed8035EF79262f65702,6018573077.8222065
0xA0b73E1Ff0B80914AB6fe0444E65848C4C34450b,Crypto.com Coin (CRO),https://github.com/crypto-org-chain/chain-main,0x494ADB1EcAc39D9Df00FcDa84ed2c1Dc775107e7,1800300.9859374738
0x2275d4937b6bFd3c75823744d3EfBf6c3a8dE473,Goober,null,0x0Cc56E024E9FDa80F939aB3b434d0DD76765d175,155455.2819433083
0x045da4bFe02B320f4403674B3b7d121737727A36,Defi Franc,https://github.com/defifranc/,0x7d7711efd844e5e204DF29Dc3e109D1aF95a801C,16668796.15270704
0xB0B195aEFA3650A6908f15CdaC7D92F8a5791B0B,(Proxy contract) BOB,https://github.com/zkBob,0xce0042B868300000d44A59004Da54A005ffdcf9f,255587.81000429817
0xeEeEEb57642040bE42185f49C52F7E9B38f8eeeE,Elk,https://github.com/elkfinance,0x6bc5Fc9d0D908eF8444A7d8f6A7E1A7050A82084,1856480.0227749036
0x7a5d3A9Dcd33cb8D527f7b5F96EB4Fef43d55636,RadioShack Token,https://github.com/radioshackswap,0x392c92CD7760ffe97ccd918f192294641D74687f,5379330.71665033
0x18a1Ea69A50A85752b7bC204a2c45A95Ce6E429d,Spice,https://github.com/spicetradeai,0x1e7b390149Abb3B891e0a7027E111188032D4540,165115.13924323473
0x44108f0223A3C3028F5Fe7AEC7f9bb2E66beF82F,Across Protocol Token,https://github.com/across-protocol,0x9A8f92a830A5cB89a3816e3D267CB7791c16b04D,67643559.66470136
0x0D97Fee619d955509e54B046c9992B6E9F5B0630,PONY Index,null,0xe3247FaECbb97261167F8BF1D333689C22f9414B,14557.770693496175
0xf5f06fFa53Ad7F5914F493F16E57B56C8dd2eA80,Jelly Token,https://github.com/JellyProtocol,0xF02b411df886F23E2Af4098Ee8Da8268F021119f,0
0x35e78b3982E87ecfD5b3f3265B601c046cDBe232,SideShift Token,null,0x6cf6a8488D70b1743134d6D69950cDa60325A42F,0
0x043C308BB8a5aE96D0093444be7f56459F1340b1,SUM,https://github.com/sumswap/,0xE0539db5804a33aB5abFF4933c20aD1630c7aD54,76208.12289959649
0x09ce2B746C32528B7d864A1e3979Bd97d2f095AB,DeFIL-V2,https://github.com/DeFIL-org,0x3f0FE6cCe8d6B52259EC7001bEf898c62c4416Ac,0
0x0DC5189Ec8CDe5732a01F0F592e927B304370551,Asgard,null,0xB34A1922CCcC0707b90D16724e0A0CEC58b6a5C6,4.482477318645199e-12
0x0E192d382a36De7011F795Acc4391Cd302003606,(Proxy contract) Futureswap Token,null,0x2df537Bab848f26047461716768791e68Bba27d7,1558772.2799448532
0x120a3879da835A5aF037bB2d1456beBd6B54d4bA,Revest,null,0x81245E489Cf1e02e38A83C2B9618826747410C50,946331.0358150753
0x1695936d6a953df699C38CA21c2140d497C08BD9,SynLev,null,0xa2E316CbfA81640ce509ab487867a136b75C83C4,0
0x2F57430a6ceDA85a67121757785877b4a71b8E6D,Defi Plaza governance,https://github.com/OmegaSyndicate,0x0422Afb5481a21b3FEA2C94e08dFAD45da1975B7,620505.161067792
0x332E824e46FcEeB9E59ba9491B80d3e6d42B0B59,CheeseFry,null,0xDA61a05759c72BbeD3A94C890B693870031a5447,18702.679668434997
0x38d9eb07A7b8Df7D86F440A4A5c4a4c1a27E1a08,bloXmove Token,null,0xfba1f3F1fa66Fad605FCAd7e8913d067EA0f7477,0
0x403d512AB96103562DCaFe4635545E8Ee2753f6e,WILD,null,0xd7b3b50977a5947774bFC46B760c0871e4018e97,15989.216175938953
0x4576E6825B462b6916D2a41E187626E9090A92c6,Donkey,null,0xD3c03261ced959330A467edAB26aBba8F3230517,1266245.1142525347
0x5067006F830224960Fb419D7f25a3a53e9919BB0,PAD,null,0xd13F97A70FFd92229b2cd9129bdE06aA18fdF964,0
0x508df5aa4746bE37b5b6A69684DfD8BDC322219d,Crafting Finance,https://github.com/crafting-finance,0x5E229E2005e0d7370b81D765FE6496035787Fe49,5856.606364202566
0x501acE9c35E60f03A2af4d484f49F9B1EFde9f40,solace,https://github.com/solace-fi/solace-stats,0x501aCe4732E4A80CC1bc5cd081BEe7f88ff694EF,0
0x515d7E9D75E2b76DB60F8a051Cd890eBa23286Bc,Governor,https://github.com/zhhuffman/Governor,0x26e76280F0C4477726B8a1Dd9AC4996c5c7bADf8,35870.08048022729
0x56EE175FE37CD461486cE3c3166e0CaFCcd9843f,eWit,null,0x5beD4eEcc421bf8d0BA186a42c16026fFe949d49,0
0x5D843Fa9495d23dE997C394296ac7B4D721E841c,Relay Token,null,0x4711ba56879606194A2DFF7692C7211717FfeE96,6622703.38932837
0x5F0E628B693018f639D10e4A4F59BD4d8B2B6B44,Whiteheart Token,null,0x55c536Da641436e81D7E3f83D1B1346dE20e7A71,2660444.071644222
0x6399C842dD2bE3dE30BF99Bc7D1bBF6Fa3650E70,Premia,https://github.com/Premian-Labs/premia-contracts,0x0d2B405211C68e9EBC2c86B71f41C9a293bBbE36,7152358.027580406
0x69bBC3F8787d573F1BBDd0a5f40C7bA0Aee9BCC9,(Proxy contract) YUP,https://github.com/yup-io,0x44b8FCEb3BEbA8EEC1fA3542D2490E67c022D477,0
0x6C16119B20fa52600230F074b349dA3cb861a7e3,Alkemi_Network_DAO_Token,https://github.com/AlkemiNetwork,0x520Da6e55eB070AA872cd08FE2665Da44535cD33,504629.8141313531
0x692aCCdD8b86692427E0aa4752AE917Df01CC56F,Sunrise Token,null,0x60d9F2064F4ff0247E9b858Db2D25660913eC718,0
0x6BeA7CFEF803D1e3d5f7C0103f7ded065644e197,Gamma,https://github.com/GammaStrategies/,0x25758ed87b57C275E70fc80dEAB2c9fbC9295841,2660843.547081056
0x74159651A992952e2bF340D7628459aA4593fc05,Tenet,null,0x5A3403617a387eA54030A36F71C195e22A0d76AF,186.63072867569323
0x7b39917f9562C8Bc83c7a6c2950FF571375D505D,LeagueDAO Governance Token,https://github.com/LeagueDAO/LEAG-Token,0x5FBd8AE80e26D82922f69aa51A99737dCd748f12,174553.0384347032
0x7fC3eC3574d408F3b59CD88709baCb42575EBF2b,(Proxy contract) POP!,null,0x286fe087E26d1321E8a4d1B7b22ceba302362483,0
0x8861cfF2366C1128fd699B68304aD99a0764Ef9a,Cyclone Protocol,https://github.com/cycloneprotocol/cyclone-contracts,0x88b8Bfc7cC3F05579e2c0CDbd8488846e463684c,1447109.0117150452
0x8A0cdfaB62eD35b836DC0633482798421C81b3Ec,Spherium Token,null,0x7a6C9e8b7F0A9cf993eD8c6A4a42FD7fD3bb435A,7860.137614143335
0x88800092fF476844f74dC2FC427974BBee2794Ae,Ambire Wallet,https://github.com/AmbireTech,0xBf07a0Df119Ca234634588fbDb5625594E2a5BCA,0
0x9aeB50f542050172359A0e1a25a9933Bc8c01259,oinfinance,null,0x0e23D5912Aa13a204d06709970135C5EF6CE95A3,107961.29362740135
0xa9C125BF4C8bB26f299c00969532B66732b1F758,Aelin,null,0x1b9dFC56e38b0F92448659C114e2347Bd803911c,214397.92100245945
0xaB37e1358b639Fd877f015027Bb62d3ddAa7557E,lien,https://github.com/LienFinance,0x8CB13A8271EFA096b407ec8a20aa14C01e74C427,119413.40957494745
0xb26C4B3Ca601136Daf98593feAeff9E0CA702a8D,Aladdin Token,https://github.com/AladdinDAO/,0x9d36e652Ab2C8Fa3738dCC73b3095197988E55B7,522513.83494244376
0xb3ED706B564BBa9CAB64042f4e1b391bE7BEbCe5,(Proxy contract) Augmented Finance,https://github.com/augmented-finance/augmented-finance-protocol,0xc6f769A0c46cFFa57d91E87ED3Bc0cd338Ce6361,150838.36592764512
0xbc16da9df0A22f01A16BC0620a27e7D6d6488550,Percent,null,0x4fB94CB25918Cbe62EC2ab80E3569492af59B8c3,380976.3388148829
0xB57420FaD6731B004309D5a0ec7C6C906Adb8df7,DotOracle,https://github.com/dotoracle,0x03e73eCA5936CC4d4eB2A2a7dd0644F97e58424d,286647.0956957202
0xbf15797BB5E47F6fB094A4abDB2cfC43F77179Ef,KlonX,null,0x4bFc3b8C82909Ad224D1E2C0305Fa5bFAB1E7f1C,19160.557662191866
0xC9fE6E1C76210bE83DC1B5b20ec7FD010B0b1D15,Fringe,null,0xD97621c23B5370c981e0993c676f0d574F5eC73F,36978.14246231952
0xd83AE04c9eD29d6D3E6Bf720C71bc7BeB424393E,InsureToken,https://github.com/InsureDAO,0x79F5Dc19BC96ec1DB776d39535BDe169e67E33f4,586402.161748
0xDE5ed76E7c05eC5e4572CfC88d1ACEA165109E44,DEUS,https://github.com/deusfinance,0x55638a37D2C29a1c602Dc0e3f81751a54dc504f0,20244199.751948
0xE1Fc4455f62a6E89476f1072530C20CF1A0622dA,Phuture,https://github.com/Phuturedao/,0x80106198DC662f5E02E79dE2BE10052e5aE016C2,689387.485720384
0xE94B97b6b43639E238c851A7e693F50033EfD75C,Rainbow Token,https://github.com/halodao,0x52F200565581ae950C765B67F574CfC99F662657,68395.46693772204
0xea7Cc765eBC94C4805e3BFf28D7E4aE48D06468A,(Proxy contract) NearPAD Token,null,0xe09f22949B9670Dfda37cc27f76c6Ec21C1A26E0,392256.794657059
0xEd40834A13129509A89be39a9bE9C0E96A0DDd71,Warp Token,https://github.com/warpfinance/,0x03E2b9a4A88c27C996BaE7a2f1ff62FAec3ce795,99623.97226073088
0xf418588522d5dd018b425E472991E52EBBeEEEEE,Ethereum Push Notification Service,null,0x057fcD7BD66e0b0e7CBF387D12b2A49A20d30922,0
0xEF53462838000184F35f7D991452e5f25110b207,Knit Finance,https://github.com/KnitFinance/knitapp,0x68c5E917de0E45bb42cAE2B8672CB2Fa5c695bD6,313141.6291445337
0xF88b137cfa667065955ABD17525e89EDCF4D6426,(Proxy contract) iTrust Governance Token,null,0xA58b5d8D12F82B4F8973A538b58EE9000A0B9022,674446.6302184641
0xA4EED63db85311E22dF4473f87CcfC3DaDCFA3E3,Rubic (RBC),null,0x1e1fEdbeB8CE004a03569A3FF03A1317a6515Cf1,0
0xA8e7AD77C60eE6f30BaC54E2E7c0617Bd7B5A03E,zLOT,https://github.com/zhegic/,0x2cDdCbc4305ba08a97A0ddE1AB9F07A6639F124e,67255.88332330482
0xA91ac63D040dEB1b7A5E4d4134aD23eb0ba07e14,Bella,null,0xB01A058cE53B72f9D34D81Eea198d8c75FCe0274,2737993.2118513444
0xb3999F658C0391d94A37f7FF328F3feC942BcADC,Hashflow,null,0xE8bc44AE4bA6EDDB88C8c087fD9b479Dff729850,26514410.518100496
0xAACa86B876ca011844b5798ECA7a67591A9743C8,BIOS,null,0xf06cff8692A880fFc32a73136b0bBE02161c07F9,0
0xAa4e3edb11AFa93c41db59842b29de64b72E355B,MarginSwap,https://github.com/marginswap,0x23292e9BA8434e59E6BAC1907bA7425211c4DE27,2496552.2864397676
0xB1f66997A5760428D3a87D68b90BfE0aE64121cC,LuaToken,https://github.com/tomochain/luaswap,0x22f617efb6FD3F9F2cDE15D16c39c22930d0081A,1068132.186629219
0xB6Ca7399B4F9CA56FC27cBfF44F4d2e4Eef1fc81,Muse,https://github.com/verynifty,0x4B5922ABf25858d012d12bb1184e5d3d0B6D6BE4,120941.24947441116
0xB705268213D593B8FD88d3FDEFF93AFF5CbDcfAE,IDEX Token,https://github.com/idexio/IDEXd,0x00000000000CdDB180A2EfccAb63d7D224E40B95,5345658.126491143
0xB8BAa0e4287890a5F79863aB62b7F175ceCbD433,Swerve DAO Token,https://github.com/SwerveFinance/SwervContracts,0xA6dF4fcB1Ca559155A678e9AFf5DE3F210C0ff84,1267984.5177999998
0xBBbbCA6A901c926F240b89EacB641d8Aec7AEafD,LoopringCoin V2 (LRC),https://github.com/Loopring/protocols,0x5593b2B8Dc63d0ed68aa8f885707b2Dc5787E391,77858825.8324648
0xBBc2AE13b23d715c30720F079fcd9B4a74093505,@EthernityChain $ERN Token,null,0xa2E900731D6959b27637399b5a38c39e3Cd23F4f,3414205.6192099657
0xBC19712FEB3a26080eBf6f2F7849b417FdD792CA,BoringDAO,https://github.com/BoringDAO,0x67Ee188Ee1319CDAc271553e7b8FAAed2fBC52CC,2711019.712512145
0xBe1a001FE942f96Eea22bA08783140B9Dcc09D28,Beta Token (BETA),null,0x0dCdE930937BdDd66464169756c1e850Ce2b0286,1766216.2746832492
0x14b14F83e94d81a0B2BD26E5a2D5343F9355fD12,POWAA token,null,0xa1bD2e9f3A9e7a1fe99c24c7e11cCC85b01e467d,6298.949873847095
0x77777FeDdddFfC19Ff86DB637967013e6C6A116C,TORN Token (TORN),https://github.com/tornadocash-community,0xce0042B868300000d44A59004Da54A005ffdcf9f,168747928.85448766
0x5E8422345238F34275888049021821E8E08CAa1f,Frax Ether,https://github.com/fraxfinance,0x4600D3b12c39AF925C2C07C487d31D17c1e32A35,55310692.86890039
0xC98a910eDE52E7d5308525845F19e17470DbCCF7,Wrapped ILCOIN,null,0x365EEc11cd58e124e7437aDf068935806E3e6AA2,0
0x04E60C5F1C3A9Fff297A7498D6Fa571F5266c233,Phission Token,null,0xcB7F07eE6FeEdc7F03FB43F90BDe87C2A8F5a71c,677.5882899539374
0xB1f1F47061A7Be15C69f378CB3f69423bD58F2F8,Flashstake,https://github.com/BlockzeroLabs/flashv3-contracts,0x4B9f696c998f9549485a3a85DcA692Fd6CCE491F,235574.46717405124
0x488E0369f9BC5C40C002eA7c1fe4fd01A198801c,Golff.finance,null,0xFdEfAb1926f04Bf988e3FFe2A325c657beA39dFB,1021972.9882942579
0xE63684BcF2987892CEfB4caA79BD21b34e98A291,Chicken,null,0x1413CeD060D11fD46e851053B94B5A69E6E91dcc,180084.54500935788
0x34769D3e122C93547836AdDD3eb298035D68F1C3,NumisMe Token,null,0x6D683D9B464f2C243DBD05130d8EcAB3C9361Ee4,123164.35906038422
0x8254e26e453EB5aBd29B3c37AC9E8Da32E5d3299,RBX,https://github.com/RBX-Carbon,0x0E1ecb720AB2eD8e531a137DdF8c2eb5380e9fFB,724748.7210010511
0xDe52a16C6DB7914e6953E27A7df4Ce6A315f8b45,OUCHI Token,null,0x49BD7063dD3dD30b3a7A84B3Ae5350c4de5e3EE1,11537176.342103373
0xC17c30e98541188614dF99239cABD40280810cA3,EverRise,null,0x33280D3A65b96EB878dD711aBe9B2c0Dbf740579,4429397.182310527
0xF5238462E7235c7B62811567E63Dd17d12C2EAA0,CACHE Gold,https://github.com/cache-token,0x10583948905D768880bA6C5a17847556dA49305a,4080123.227677
0xC28E27870558cF22ADD83540d2126da2e4b464c2,SashimiToken,null,0x0FaEF44d1373F6fdE75926E4564baB5B2d645944,7986289.729641604
0xc55126051B22eBb829D00368f4B12Bde432de5Da,BTRFLY,null,0xb5e84d6d97021124F29c4947cd05E57cd24C8249,13088656.125527833
0xCC4304A31d09258b0029eA7FE63d032f52e44EFe,(Proxy contract) TrustSwap Token,null,0x28EC390b368BED6a4553215b5DBEBB551A4B12AE,87748406.55436319
0xCF3C8Be2e2C42331Da80EF210e9B1b307C03d36A,BetProtocolToken (BEPRO),null,0x78Ee4544fae901dcD5bd19ffB8B69Ae4523c750B,0
0xCFEAead4947f0705A14ec42aC3D44129E1Ef3eD5,(Proxy contract) Notional,https://github.com/notional-finance,0x8B64fA5Fd129df9c755eB82dB1e16D6D0Bdf5Bc3,68303893.26727502
0xD291E7a03283640FDc51b121aC401383A46cC623,(Proxy contract) Rari Governance Token (RGT),https://github.com/Rari-Capital,0xB8f02248d53F7EdfA38E79263e743e9390f81942,13692048.25720433
0xD33526068D116cE69F19A9ee46F0bd304F21A51f,Rocket Pool (RPL),https://github.com/rocket-pool/rocketpool,0x0cCF14983364A7735d369879603930Afe10df21e,562724511.0125351
0xD478161C952357F05f0292B56012Cd8457F1cfbF,Polkamarkets,null,0x3c2e2216A21959deB37cFF38f975088B58626b27,10979.352030600181
0xD502F487e1841Fdc805130e13eae80c61186Bc98,Integral,https://github.com/ProfessorJEY/Integral-Smart-Contracts/,0xaB066655a991550DebAeC0aA1CDD4F3bd7BB5483,2214754.612881602
0xD533a949740bb3306d119CC777fa900bA034cd52,Curve DAO Token,https://github.com/curvefi/curve-contract,0xc4AD0Ef33A0A4ddA3461c479ccb6c36d1e4B7Be4,3651282638.6182394
0xD90E69f67203EBE02c917B5128629E77B4cd92dc,ONC,https://github.com/onecash/onecash-protocol,0xA9613b2f2f9023b4439Daa19665e87EfD8A808aa,0
0x70008F18Fc58928dcE982b0A69C2c21ff80Dca54,X7R,null,0xc2eFb0D048435Db5012a594A9085a0a3486891c6,0
0xf59257E961883636290411c11ec5Ae622d19455e,Floor,https://github.com/FloorDAO,0x93dB3662e5E77a3eF6be5d32192F070554F212d1,4119322.385325598
0x9EA3b5b4EC044b70375236A281986106457b20EF,DELTA.financial - deep DeFi derivatives,null,0x5A16552f59ea34E44ec81E58b3817833E9fD5436,0
0x1c9BA9144505aaBa12f4b126Fda9807150b88f80,XUSD Stablecoin,null,0x80289EA1f39fcDEC661787C6C13dB3958e48E0D0,25062.662541764486
0xaCd8F2523a4613Eee78904354187c81Bb05ae2b8,SAC,https://github.com/standcash,0x491B44eae5E36CB8804F9eaD6EB75fe701ad48dE,0
0x9d1233cc46795E94029fDA81aAaDc1455D510f15,Zero Collateral Dai,null,0x6A2E6510B2BBF8C9AD7bC817D0Dc711711E8d747,0
0x7cA4408137eb639570F8E647d9bD7B7E8717514A,AlpaToken (ALPA),https://github.com/AlpacaCity,0x55a0e991015D9d00067f6DFca8C0E1Bebef68cD5,0
0xDC59ac4FeFa32293A95889Dc396682858d52e5Db,Bean,null,0xC1E088fC1323b20BCBee9bd1B9fC9546db5624C5,0
0xDDdddd4301A082e62E84e43F474f044423921918,DeversiFi Token (DVF),https://github.com/DeversiFi,0x15b6D148abd17a18b4cd0628D5F31ddbC818bEd6,19361021.70690078
0xDb298285FE4C5410B05390cA80e8Fbe9DE1F259B,handleFOREX,null,0x8DDF87C8247651D161Df0C283a4c11fDbd78F815,1332369.949101523
0xDd1Ad9A21Ce722C151A836373baBe42c868cE9a4,(Proxy contract) Universal Basic Income,null,0xA09314345D19bD776F1d10C13e8121aeF1Fc2F53,0
0xDea67845A51E24461D5fED8084E69B426AF3D5Db,HodlTree,null,0x95D155e5d17AD328B3336d389670A3D3f2E934CF,23030.892839691795
0x2A54bA2964C8Cd459Dc568853F79813a60761B58,(Proxy contract) USDI Token,https://github.com/gfx-labs/ip-contracts/,0x958892b4a0512b28AaAC890FC938868BBD42f064,354066.1458211959
0xE0e05c43c097B0982Db6c9d626c4eb9e95C3b9ce,Unslashed Finance Governance Token,null,0x38C1dcf5542898300088dca06a68beafE75be264,21966544.31636752
0xE0aD1806Fd3E7edF6FF52Fdb822432e847411033,OnX.finance,https://github.com/OnXFinance/,0xcf8360e28cF312ef0C3642Cb2c48C7539Ff1DB2a,1490491.436525
0xE41d2489571d322189246DaFA5ebDe1F4699F498,ZRX (ZRX),https://github.com/0xProject/0x-monorepo,0xa3b2d1087bCEBe59d188a23F75620612d967DF72,0
0xE5CAeF4Af8780E59Df925470b050Fb23C43CA68C,Ferrum Network Token,https://github.com/ferrumnet/fenova,0xc2FDCB728170192C72ADa2c08957f2E9390076b7,0
0xc5102fE9359FD9a28f877a67E36B0F050d81a3CC,Hop,https://github.com/hop-protocol,0x9AA99C23F67c81701C772B106b4F83f6e858dd2E,68692053.56156877
0xEe9801669C6138E84bD50dEB500827b776777d28,O3 Swap Token (O3),https://github.com/O3Labs,0x4283b3469a9edCE1Fda34Ec6e8A453cF82b9cAB7,5037192.29
0xF063fE1aB7a291c5d06a86e14730b00BF24cB589,DxSale.Network,null,0x1e1fEdbeB8CE004a03569A3FF03A1317a6515Cf1,84967558.43741925
0x06A00715E6F92210Af9d7680B584931FAF71A833,Chronicle,null,0x85C03354E4c708E0D93d442eeF9E4b3Da1D713dD,0
0xf05e58fCeA29ab4dA01A495140B349F8410Ba904,CLever CVX,https://github.com/AladdinDAO/,0x07dA2d30E26802ED65a52859a50872cfA615bD0A,5176642.682187464
0x662b67d00A13FAf93254714DD601F5Ed49Ef2F51,Orbit Chain,null,0xd7F2839533819ac01a36c30364abF9a106e3B01F,173968082.22527793
0x66761Fa41377003622aEE3c7675Fc7b5c1C2FaC5,Clearpool,null,0xC40E9cf1B42bc06120267165810aE5b0D4966946,4288819.239316
0x74232704659ef37c08995e386A2E26cc27a8d7B1,Strike Token,https://github.com/StrikeFinance,0x135F03F89C6b2D8D1bD0181526ef18258B5e5516,11571533.315079415
0x8dB253a1943DdDf1AF9bcF8706ac9A0Ce939d922,Unbound,https://github.com/unbound-finance/,0xA46AF1E8308Bd9414cCC3b04d7c49944C1D87DAF,294417.0402578213
0xAA2ce7Ae64066175E0B90497CE7d9c190c315DB4,Suterusu,https://github.com/suterusu-io,0x8A8393fd70bbD3D99406E0b90e0452d3553224bb,80203.18818614035
0xF2f9A7e93f845b3ce154EfbeB64fB9346FCCE509,UniPower,null,0xc951D3463EbBa4e9Ec8dDfe1f42bc5895C46eC8f,169747.5892255136
0xAB846Fb6C81370327e784Ae7CbB6d6a6af6Ff4BF,Paladin Token,https://github.com/PaladinFinance/,0x0C6B260900aA61f67228648d2a077Ea6d3b3EE19,1284068.842423971
0xBa3335588D9403515223F109EdC4eB7269a9Ab5D,Gearbox,https://github.com/Gearbox-protocol,0xFFf3037B1DE9d7B013fC62cCd36bcAEAF33c614C,124950115.11571375
0xf1Dc500FdE233A4055e25e5BbF516372BC4F6871,Saddle DAO,https://github.com/saddle-finance,0x5BDb37d0Ddea3A90F233c7B7F6b9394B6b2eef34,10633256.460651116
0xa0246c9032bC3A600820415aE600c6388619A14D,FARM Reward Token,https://github.com/harvest-finance,0xf00dD244228F51547f0563e60bCa65a30FBF5f7f,14961423.925368864
0xa1d0E215a23d7030842FC67cE582a6aFa3CCaB83,YFII.finance,https://github.com/yfii,0x8CC1cFdc1C60C19a1d7C0fa3c042a4916AA79a51,93540.53327153018
0xa1faa113cbE53436Df28FF0aEe54275c13B40975,AlphaToken (ALPHA),https://github.com/AlphaFinanceLab/alphahomora,0x1AAf4143C3Fe0D7CA78381C4672E4b08C4Bc009F,58814912.99647637
0xa283aA7CfBB27EF0cfBcb2493dD9F4330E0fd304,MMToken (MM),null,0x43229759E12eFbe3e2A0fB0510B15e516d046442,20148.518574922964
0xE80C0cd204D654CEbe8dd64A4857cAb6Be8345a3,JPEGd Governance Token,null,0x7A271674B5Fae043f42F183092f48fB06D6D551B,16063385.912104001
0xa3BeD4E1c75D00fa6f4E5E6922DB7261B5E9AcD2,Meta (MTA),https://github.com/mstable/mStable-app,0x19F12C947D25Ff8a3b748829D8001cA09a28D46d,16367797.64096022
0xa3d58c4E56fedCae3a7c43A725aeE9A71F0ece4e,Metronome (MET),null,0x92Da8f5c7f4DC96a080B5d4E8183C1bF6510Ae18,9555558.798767919
0x4332f8A38f14BD3D8D1553aF27D7c7Ac6C27278D,Ape Finance,https://github.com/ape-fi,0x9299DBA92B45aa8FC298A20c4F5e753E5871E8e5,3591161.544806524
0xad32A8e6220741182940c5aBF610bDE99E737b2D,PieDAO DOUGH v2 (DOUGH),https://github.com/pie-dao/,0x909d05F384D0663eD4BE59863815aB43b4f347Ec,1594587.179029923
0xbFa9dF9ed8805E657D0FeaB5d186c6a567752D7F,Protocol: - Generic,null,0x17D04113a3651e79e7d40a40E47aaE23046f7761,3748080.059024687
0xb753428af26E81097e7fD17f40c88aaA3E04902c,Spice (SFI),https://github.com/saffron-finance/saffron,0x09E9FF67d9D5A25Fa465Db6f0bEdE5560581f8Cb,0
0xb78B3320493a4EFaa1028130C5Ba26f0B6085Ef8,Dracula Token,https://github.com/Dracula-Protocol,0x94627695F66Ab36Ae00c1995a30Bf5B30E139873,0
0xbC396689893D065F41bc2C6EcbeE5e0085233447,Perpetual,null,0x902cF1f90556A127dD085B5abaA97a89769bAdA4,17216639.062819
0xbEa98c05eEAe2f3bC8c3565Db7551Eb738c8CCAb,Geyser,https://github.com/gysr-io,0xA80481E3f9098602954B2E5cf306e6dEE053EF3E,3201018.7928489996
0xbF776e4FCa664D791C4Ee3A71e2722990E003283,(Proxy contract) SMTYToken,null,0x2591E77620dbF3FD16050eE74521E28990f32a3D,6429650.077838
0xba100000625a3754423978a60c9317c58a424e3D,Balancer (BAL),https://github.com/balancer-labs/balancer-core,0x24A12Fa313F57aF541d447c594072A992c605DCf,1533299054.489958
0xbbBBBBB5AA847A2003fbC6b5C16DF0Bd1E725f61,B.Protocol,https://github.com/backstop-protocol,0xD61f7Dd98119A30E85371B6764C95FaFc61e24d6,74644145.79313761
0xc12d099be31567add4e4e4d0D45691C3F58f5663,Auctus (AUC),https://github.com/AuctusProject/aco,0xd1B10607921C78D9a00529294C4b99f1bd250E1c,38764.645544890256
0xc7283b66Eb1EB5FB86327f08e1B5816b0720212B,Tribe (TRIBE),https://github.com/fei-protocol/fei-protocol-core,0x8d5ED43dCa8C2F7dFB20CF7b53CC7E593635d7b9,4.565232969496409
0xc770EEfAd204B5180dF6a14Ee197D99d808ee52d,FOX (FOX),null,0x70217E7De3A68187905269462506f81cF344bbad,0
0xc834Fa996fA3BeC7aAD3693af486ae53D8aA8B50,Convergence,null,0xf01001c3da4e861610a5E37430751475AFf6f659,477162.4795002721
0xcAfE001067cDEF266AfB7Eb5A286dCFD277f3dE5,ParaSwap (PSP),https://github.com/paraswap,0x490CE4616672e93B1c8f5E43aa80312Fd73dEE8C,0
0xca1207647Ff814039530D7d35df0e1Dd2e91Fa84,(Proxy contract) dHedge DAO Token (DHT),null,0xF53B44df6d16273A9E6299465404aDd7b90fb70a,12319469.464202635
0x630d98424eFe0Ea27fB1b3Ab7741907DFFEaAd78,(Proxy contract) PEAKDEFI,null,0xbDBdfAfB975B35a41fA228585c8700D31cCE73c9,54792.875625
0x000000000000d0151E748d25b766e77efe2A6c83,XDEFI Governance Token,https://github.com/xdefilab,0x81e06334993a0f48a94A98a9f06cA8E59F42dfBa,461429.8424016999
0x474021845C4643113458ea4414bdb7fB74A01A77,UnoRe,https://github.com/Uno-Re,0xb782425E27A88921189a05bE7199748DdbDB71bf,905757.7165579268
0xd7c49CEE7E9188cCa6AD8FF264C1DA2e69D4Cf3B,NXM (NXM),null,0x1B541c2dC0653FD060E8320D2F763733BA8Cffe3,167578539.41556033
0x104F3152D8ebFC3f679392977356962Ff36566aC,(Proxy contract) ChainPort Token,https://github.com/chainport/,0xb0b599daE2afF825543cfeb061eb206365dA921f,98017415
0x493CbBd4A5da462E3dbc3E5c8e2A1E37D1D03CAc,XCarnival,null,0xC087629431256745e6e3d87B3EC14e8B42D47E48,48076.52223818506
0xf56842Af3B56Fd72d17cB103f92d027bBa912e89,BambooDeFi,https://github.com/bamboo-defi,0x0274FaCE6395e161291Bb1435989Fd225D848fB8,190989.20047625096
0xdBdb4d16EdA451D0503b854CF79D55697F90c8DF,Alchemix,https://github.com/alchemix-finance,0x51e029a5Ef288Fb87C5e8Dd46895c353ad9AaAeC,58273354.79915206
0xdeFA4e8a7bcBA345F687a2f1456F5Edd9CE97202,(Proxy contract) Kyber Network Crystal v2 (KNC),https://github.com/kybernetwork/KyberWallet,0x29483d288845Aa883693cFF207cD02B828B6177C,91728121.68823117
0x55C08ca52497e2f1534B59E2917BF524D4765257,UwU Lend,https://github.com/UwU-Lend/,0x47094aC2b18689Fc3D526F55E846873F5C5aD19c,49632814.57752584
0xe0955F26515d22E347B17669993FCeFcc73c3a0a,Stacker Ventures Token (STACK),null,0x909d05F384D0663eD4BE59863815aB43b4f347Ec,16498.07674819304
0xe28b3B32B6c345A34Ff64674606124Dd5Aceca30,Injective Token (INJ),https://github.com/InjectiveLabs,0x03e3bfB5634Bd62bc74423E77eaf16991076b4Ad,8272247.872625546
0x82362Ec182Db3Cf7829014Bc61E9BE8a2E82868a,Protocol: - Generic,null,0xb9e8E1e6440B3120Aadd12cffF292D91A1a48d23,24298991.253737
0xe4815AE53B124e7263F08dcDBBB757d41Ed658c6,Zks,https://github.com/l2labs,0x6383d169a2353B72097B3862625F50fFb75c42Fe,1799588.1170905402
0xe53EC727dbDEB9E2d5456c3be40cFF031AB40A55,SuperFarm,null,0x42F7C51BE14cac4C7fE70DCBEf7cEff62e130137,57625.8476383193
0xe63d6B308BCe0F6193AeC6b7E6eBa005f41e36AB,Stone Token,https://github.com/stonedefi,0x415B357871824e3816a95a1f802D3D00a6897C01,97373.3886268712
0xe76C6c83af64e4C60245D8C7dE953DF673a7A33D,Rail,https://github.com/Railgun-Privacy/,0x3F847b01d4d498a293e3197B186356039eCd737F,3193357.238393594
0xeEAA40B28A2d1b0B08f6f97bB1DD4B75316c6107,GOVI (GOVI),https://github.com/coti-io/cvi-contracts,0xCedAD8C0Ae5e0a878c01cC8c81E0Ca2DbA909deD,1132048.4859330442
0xec67005c4E498Ec7f55E092bd1d35cbC47C91892,Melon Token (MLN),https://github.com/enzymefinance,0x0d580ae50B58fe08514dEAB4e38c0DFdB0D30adC,37370274.46760852
0xeca82185adCE47f39c684352B0439f030f860318,Perlin,https://github.com/perlin-network/wavelet,0x6d2e9BAeDdA6A165054D865Cb5d40b3704394031,2237480.5938213333
0xef3A930e1FfFFAcd2fc13434aC81bD278B0ecC8d,StaFi,null,0x63DA51fc3bA519B50A8788a714d65FaBd47ab292,21171580.299679715
0xf16e81dce15B08F326220742020379B855B87DF9,IceToken (ICE),https://github.com/Popsicle-Finance/,0x5c82F157964dE5BB292774E27ac331d1e647020b,969298.6550266508
0xf3dcbc6D72a4E1892f7917b7C43b74131Df8480e,BDPToken,https://github.com/bigdataprotocol/bdp-contracts,0x498F9F1740C991CF8028A213e35221C781d6D3F2,246782.47307278577
0xe4b5936Dce1820f84509C89CcE0F28C87988Bad8,Universe Finance Token,null,0x2C4d2185F230D32e973BC97c93a41af867E3FEF6,24242.68987490771
0xf8E9F10c22840b613cdA05A0c5Fdb59A4d6cd7eF,Dogs Of Elon,null,0x8a2B212cA369f4893F298dD0C4aebE0E75C8396e,0
0xfA5047c9c78B8877af97BDcb85Db743fD7313d4a,ROOK,https://github.com/keeperdao,0x3C530cB040d71047D94791fddC5CC8e54b648730,5284058.079246276
0xBe9895146f7AF43049ca1c1AE358B0541Ea49704,(Proxy contract) Coinbase Wrapped Staked ETH,null,0xdf95DC8971217ce0b345B31D8A4B9Cc13D6825c9,1179372743.6033394
0xfF20817765cB7f73d4bde2e66e067E58D11095C2,Amp (AMP),https://github.com/amptoken,0x8EbE64E65d1B83C22B3C9C3fF5E16e6986c87C87,74096643.23879091